{"province":"Cavite","cities":[{"city":"Alfonso","zipcodes":[{"area":"Alfonso","zipcode":"4123"}]},{"city":"Amadeo","zipcodes":[{"area":"Amadeo","zipcode":"4119"}]},{"city":"Bacoor","zipcodes":[{"area":"Bacoor","zipcode":"4102"}]},{"city":"Carmona","zipcodes":[{"area":"Carmona","zipcode":"4106"}]},{"city":"Cavite City","zipcodes":[{"area":"Cavite City","zipcode":"4100"}]},{"city":"Sangley Point Naval Base","zipcodes":[{"area":"Sangley Point Naval Base","zipcode":"4101"}]},{"city":"Corregidor Island","zipcodes":[{"area":"Corregidor Island","zipcode":"4125"}]},{"city":"Dasmariñas City","zipcodes":[{"area":"Dasmariñas City","zipcode":"4114"}]},{"city":"Dasmarinas Resettlement Area","zipcodes":[{"area":"Dasmarinas Resettlement Area","zipcode":"4115"}]},{"city":"First Cavite Industrial Estate","zipcodes":[{"area":"First Cavite Industrial Estate","zipcode":"4126"}]},{"city":"General Emilio Aguinaldo","zipcodes":[{"area":"General Emilio Aguinaldo","zipcode":"4124"}]},{"city":"General Mariano Alvarez","zipcodes":[{"area":"General Mariano Alvarez","zipcode":"4117"}]},{"city":"General Trias","zipcodes":[{"area":"General Trias","zipcode":"4107"}]},{"city":"Imus City","zipcodes":[{"area":"Imus City","zipcode":"4103"}]},{"city":"Indang","zipcodes":[{"area":"Indang","zipcode":"4122"}]},{"city":"Kawit","zipcodes":[{"area":"Kawit","zipcode":"4104"}]},{"city":"Magallanes","zipcodes":[{"area":"Magallanes","zipcode":"4113"}]},{"city":"Maragondon","zipcodes":[{"area":"Maragondon","zipcode":"4112"}]},{"city":"Mendez","zipcodes":[{"area":"Mendez","zipcode":"4121"}]},{"city":"Naic","zipcodes":[{"area":"Naic","zipcode":"4110"}]},{"city":"Noveleta","zipcodes":[{"area":"Noveleta","zipcode":"4105"}]},{"city":"Rosario","zipcodes":[{"area":"Rosario","zipcode":"4106"}]},{"city":"Silang","zipcodes":[{"area":"Silang","zipcode":"4118"}]},{"city":"Tagaytay City","zipcodes":[{"area":"Tagaytay City","zipcode":"4120"}]},{"city":"Tanza","zipcodes":[{"area":"Tanza","zipcode":"4108"}]},{"city":"Ternate","zipcodes":[{"area":"Ternate","zipcode":"4111"}]},{"city":"Trece Martires City","zipcodes":[{"area":"Trece Martires City","zipcode":"4109"}]}]}
{"province":"Bulacan","cities":[{"city":"Angat","zipcodes":[{"area":"Angat","zipcode":"3012"}]},{"city":"Balagtas","zipcodes":[{"area":"Balagtas","zipcode":"3016"}]},{"city":"Baliuag","zipcodes":[{"area":"Baliuag","zipcode":"3006"}]},{"city":"Bocaue","zipcodes":[{"area":"Bocaue","zipcode":"3018"}]},{"city":"Bulacan","zipcodes":[{"area":"Bulacan","zipcode":"3017"}]},{"city":"Bustos","zipcodes":[{"area":"Bustos","zipcode":"3007"}]},{"city":"Calumpit","zipcodes":[{"area":"Calumpit","zipcode":"3003"}]},{"city":"Doña Remedios Trinidad","zipcodes":[{"area":"Doña Remedios Trinidad","zipcode":"3009"}]},{"city":"Guiguinto","zipcodes":[{"area":"Guiguinto","zipcode":"3015"}]},{"city":"Hagonoy","zipcodes":[{"area":"Hagonoy","zipcode":"3002"}]},{"city":"Malolos City","zipcodes":[{"area":"Malolos City","zipcode":"3000"}]},{"city":"Marilao","zipcodes":[{"area":"Marilao","zipcode":"3019"}]},{"city":"Meycauayan City","zipcodes":[{"area":"Maycauayan City","zipcode":"3020"}]},{"city":"Norzagaray","zipcodes":[{"area":"Norzagaray","zipcode":"3013"}]},{"city":"Obando","zipcodes":[{"area":"Obando","zipcode":"3021"}]},{"city":"Pandi","zipcodes":[{"area":"Pandi","zipcode":"3014"}]},{"city":"Paombong","zipcodes":[{"area":"Paombong","zipcode":"3001"}]},{"city":"Plaridel","zipcodes":[{"area":"Plaridel","zipcode":"3004"}]},{"city":"Pulilan","zipcodes":[{"area":"Pulilan","zipcode":"3005"}]},{"city":"San Ildefonso","zipcodes":[{"area":"San Ildefonso","zipcode":"3010"}]},{"city":"San Jose del Monte City","zipcodes":[{"area":"San Jose del Monte City","zipcode":"3023"}]},{"city":"San Miguel","zipcodes":[{"area":"San Miguel","zipcode":"3011"}]},{"city":"San Rafael","zipcodes":[{"area":"San Rafael","zipcode":"3008"}]},{"city":"Sta Maria","zipcodes":[{"area":"Sta Maria","zipcode":"3022"}]},{"city":"Sapang","zipcodes":[{"area":"Sapang","zipcode":"3024"}]}]}
{"province":"Albay","cities":[{"city":"Bacacay","zipcodes":[{"area":"Bacacay","zipcode":"4509"}]},{"city":"Camalig","zipcodes":[{"area":"Camalig","zipcode":"4502"}]},{"city":"Daraga","zipcodes":[{"area":"Daraga","zipcode":"4501"}]},{"city":"Guinobatan","zipcodes":[{"area":"Guinobatan","zipcode":"4503"}]},{"city":"Jovellar","zipcodes":[{"area":"Jovellar","zipcode":"4515"}]},{"city":"Legazpi City","zipcodes":[{"area":"Legazpi City","zipcode":"4500"}]},{"city":"Libon","zipcodes":[{"area":"Libon","zipcode":"4507"}]},{"city":"Ligao City","zipcodes":[{"area":"Ligao City","zipcode":"4504"}]},{"city":"Malilipot","zipcodes":[{"area":"Malilipot","zipcode":"4510"}]},{"city":"Malinao","zipcodes":[{"area":"Malinao","zipcode":"4512"}]},{"city":"Manito","zipcodes":[{"area":"Manito","zipcode":"4514"}]},{"city":"Oas","zipcodes":[{"area":"Oas","zipcode":"4505"}]},{"city":"Pio Duran","zipcodes":[{"area":"Pio Duran","zipcode":"4516"}]},{"city":"Polangui","zipcodes":[{"area":"Polangui","zipcode":"4506"}]},{"city":"Rapu-Rapu","zipcodes":[{"area":"Rapu-Rapu","zipcode":"4517"}]},{"city":"Santo Domingo","zipcodes":[{"area":"Santo Domingo","zipcode":"4511"}]},{"city":"Tabaco City","zipcodes":[{"area":"Tabaco City","zipcode":"4513"}]},{"city":"Tiwi","zipcodes":[{"area":"Tiwi","zipcode":"4513"}]}]}
{"province":"Cebu","cities":[{"city":"Alcantara","zipcodes":[{"area":"Alcantara","zipcode":"6033"}]},{"city":"Alcoy","zipcodes":[{"area":"Alcoy","zipcode":"6023"}]},{"city":"Alegria","zipcodes":[{"area":"Alegria","zipcode":"6030"}]},{"city":"Aloguinsan","zipcodes":[{"area":"Aloguinsan","zipcode":"6040"}]},{"city":"Argao","zipcodes":[{"area":"Argao","zipcode":"6021"}]},{"city":"Asturias","zipcodes":[{"area":"Asturias","zipcode":"6042"}]},{"city":"Badian","zipcodes":[{"area":"Badian","zipcode":"6031"}]},{"city":"Balamban","zipcodes":[{"area":"Balamban","zipcode":"6041"}]},{"city":"Bantayan","zipcodes":[{"area":"Bantayan","zipcode":"6052"}]},{"city":"Barili","zipcodes":[{"area":"Barili","zipcode":"6036"}]},{"city":"Bogo City","zipcodes":[{"area":"Bogo City","zipcode":"6010"}]},{"city":"Boljoon","zipcodes":[{"area":"Boljoon","zipcode":"6024"}]},{"city":"Borbon","zipcodes":[{"area":"Borbon","zipcode":"6008"}]},{"city":"Carcar City","zipcodes":[{"area":"Carcar City","zipcode":"6019"}]},{"city":"Carmen","zipcodes":[{"area":"Carmen","zipcode":"6005"}]},{"city":"Catmon","zipcodes":[{"area":"Catmon","zipcode":"6006"}]},{"city":"Cebu City","zipcodes":[{"area":"Cebu City","zipcode":"6000"}]},{"city":"Compostela","zipcodes":[{"area":"Compostela","zipcode":"6003"}]},{"city":"Consolacion","zipcodes":[{"area":"Consolacion","zipcode":"6001"}]},{"city":"Cordova","zipcodes":[{"area":"Cordova","zipcode":"6017"}]},{"city":"Daanbantayan","zipcodes":[{"area":"Daanbantayan","zipcode":"6013"}]},{"city":"Dalaguete","zipcodes":[{"area":"Dalaguete","zipcode":"6022"}]},{"city":"Danao City","zipcodes":[{"area":"Danao City","zipcode":"6004"}]},{"city":"Dumanjug","zipcodes":[{"area":"Dumanjug","zipcode":"6035"}]},{"city":"Ginatilan","zipcodes":[{"area":"Ginatilan","zipcode":"6028"}]},{"city":"Lapu-Lapu City","zipcodes":[{"area":"Lapu-Lapu City","zipcode":"6015"}]},{"city":"Liloan","zipcodes":[{"area":"Liloan","zipcode":"6002"}]},{"city":"Mactan Airport","zipcodes":[{"area":"Mactan Airport","zipcode":"6016"}]},{"city":"Madridejos","zipcodes":[{"area":"Madridejos","zipcode":"6053"}]},{"city":"Malabuyoc","zipcodes":[{"area":"Malabuyoc","zipcode":"6029"}]},{"city":"Mandaue City","zipcodes":[{"area":"Mandaue City","zipcode":"6014"}]},{"city":"Medellin","zipcodes":[{"area":"Medellin","zipcode":"6012"}]},{"city":"Minglanilla","zipcodes":[{"area":"Minglanilla","zipcode":"6046"}]},{"city":"Moalboal","zipcodes":[{"area":"Moalboal","zipcode":"6032"}]},{"city":"Naga City","zipcodes":[{"area":"Naga City","zipcode":"6037"}]},{"city":"Oslob","zipcodes":[{"area":"Oslob","zipcode":"6025"}]},{"city":"Pilar","zipcodes":[{"area":"Pilar","zipcode":"6048"}]},{"city":"Pinamungajan","zipcodes":[{"area":"Pinamungajan","zipcode":"6039"}]},{"city":"Poro","zipcodes":[{"area":"Poro","zipcode":"6049"}]},{"city":"Ronda","zipcodes":[{"area":"Ronda","zipcode":"6043"}]},{"city":"Samboan","zipcodes":[{"area":"Samboan","zipcode":"6027"}]},{"city":"San Fernando","zipcodes":[{"area":"San Fernando","zipcode":"6018"}]},{"city":"San Francisco","zipcodes":[{"area":"San Francisco","zipcode":"6050"}]},{"city":"San Remigio","zipcodes":[{"area":"San Remigio","zipcode":"6011"}]},{"city":"Santa Fe","zipcodes":[{"area":"Santa Fe","zipcode":"6047"}]},{"city":"Santander","zipcodes":[{"area":"Santander","zipcode":"6026"}]},{"city":"Sibonga","zipcodes":[{"area":"Sibonga","zipcode":"6020"}]},{"city":"Sogod","zipcodes":[{"area":"Sogod","zipcode":"6007"}]},{"city":"Tabogon","zipcodes":[{"area":"Tabogon","zipcode":"6009"}]},{"city":"Tabuelan","zipcodes":[{"area":"Tabuelan","zipcode":"6044"}]},{"city":"Talisay City","zipcodes":[{"area":"Talisay City","zipcode":"6045"}]},{"city":"Toledo City","zipcodes":[{"area":"Toledo City","zipcode":"6038"}]},{"city":"Tuburan","zipcodes":[{"area":"Tuburan","zipcode":"6043"}]},{"city":"Tudela","zipcodes":[{"area":"Tudela","zipcode":"6051"}]}]}
{"province":"Iloilo","cities":[{"city":"Ajuy","zipcodes":[{"area":"Ajuy","zipcode":"5012"}]},{"city":"Alimodian","zipcodes":[{"area":"Alimodian","zipcode":"5028"}]},{"city":"Anilao","zipcodes":[{"area":"Anilao","zipcode":"5009"}]},{"city":"Badiangan","zipcodes":[{"area":"Badiangan","zipcode":"5033"}]},{"city":"Balasan","zipcodes":[{"area":"Balasan","zipcode":"5018"}]},{"city":"Banate","zipcodes":[{"area":"Banate","zipcode":"5010"}]},{"city":"Barotac Nuevo","zipcodes":[{"area":"Barotac Nuevo","zipcode":"5007"}]},{"city":"Barotac Viejo","zipcodes":[{"area":"Barotac Viejo","zipcode":"5011"}]},{"city":"Batad","zipcodes":[{"area":"Batad","zipcode":"5016"}]},{"city":"Bingawan","zipcodes":[{"area":"Bingawan","zipcode":"5041"}]},{"city":"Cabatuan","zipcodes":[{"area":"Cabatuan","zipcode":"5031"}]},{"city":"Calinog","zipcodes":[{"area":"Calinog","zipcode":"5040"}]},{"city":"Carles","zipcodes":[{"area":"Carles","zipcode":"5019"}]},{"city":"Concepcion","zipcodes":[{"area":"Concepcion","zipcode":"5013"}]},{"city":"Dingle","zipcodes":[{"area":"Dingle","zipcode":"5035"}]},{"city":"Duenas","zipcodes":[{"area":"Duenas","zipcode":"5038"}]},{"city":"Dumangas","zipcodes":[{"area":"Dumangas","zipcode":"5006"}]},{"city":"Estancia","zipcodes":[{"area":"Estancia","zipcode":"5017"}]},{"city":"Guimbal","zipcodes":[{"area":"Guimbal","zipcode":"5022"}]},{"city":"Igbaras","zipcodes":[{"area":"Igbaras","zipcode":"5029"}]},{"city":"Iloilo City","zipcodes":[{"area":"Iloilo City","zipcode":"5000"}]},{"city":"Janiuay","zipcodes":[{"area":"Janiuay","zipcode":"5034"}]},{"city":"Lambunao","zipcodes":[{"area":"Lambunao","zipcode":"5042"}]},{"city":"Leganes","zipcodes":[{"area":"Leganes","zipcode":"5003"}]},{"city":"Lemery","zipcodes":[{"area":"Lemery","zipcode":"5043"}]},{"city":"Leon","zipcodes":[{"area":"Leon","zipcode":"5026"}]},{"city":"Maasin","zipcodes":[{"area":"Maasin","zipcode":"5030"}]},{"city":"Miagao","zipcodes":[{"area":"Miagao","zipcode":"5023"}]},{"city":"Mina","zipcodes":[{"area":"Mina","zipcode":"5032"}]},{"city":"New Lucena","zipcodes":[{"area":"New Lucena","zipcode":"5005"}]},{"city":"Oton","zipcodes":[{"area":"Oton","zipcode":"5020"}]},{"city":"Passi City","zipcodes":[{"area":"Passi City","zipcode":"5037"}]},{"city":"Pavia","zipcodes":[{"area":"Pavia","zipcode":"5001"}]},{"city":"Pototan","zipcodes":[{"area":"Pototan","zipcode":"5008"}]},{"city":"San Dionisio","zipcodes":[{"area":"San Dionisio","zipcode":"5015"}]},{"city":"San Enrique","zipcodes":[{"area":"San Enrique","zipcode":"5036"}]},{"city":"San Joaquin","zipcodes":[{"area":"San Joaquin","zipcode":"5024"}]},{"city":"San Miguel","zipcodes":[{"area":"San Miguel","zipcode":"5025"}]},{"city":"San Rafael","zipcodes":[{"area":"San Rafael","zipcode":"5039"}]},{"city":"Santa Barbara","zipcodes":[{"area":"Santa Barbara","zipcode":"5002"}]},{"city":"Sara","zipcodes":[{"area":"Sara","zipcode":"5014"}]},{"city":"Tigbauan","zipcodes":[{"area":"Tigbauan","zipcode":"5021"}]},{"city":"Tubungan","zipcodes":[{"area":"Tubungan","zipcode":"5027"}]},{"city":"Zarraga","zipcodes":[{"area":"Zarraga","zipcode":"5004"}]}]}
{"province":"Davao del Norte","cities":[{"city":"Asuncion","zipcodes":[{"area":"Asuncion","zipcode":"8102"}]},{"city":"Babak","zipcodes":[{"area":"Babak","zipcode":"8118"}]},{"city":"Carmen","zipcodes":[{"area":"Carmen","zipcode":"8101"}]},{"city":"Kapalong","zipcodes":[{"area":"Kapalong","zipcode":"8113"}]},{"city":"Kaputian","zipcodes":[{"area":"Kaputian","zipcode":"8120"}]},{"city":"New Corella","zipcodes":[{"area":"New Corella","zipcode":"8104"}]},{"city":"Panabo City","zipcodes":[{"area":"Panabo City","zipcode":"8105"}]},{"city":"Samal City","zipcodes":[{"area":"Samal City","zipcode":"8119"}]},{"city":"Santo Tomas","zipcodes":[{"area":"Santo Tomas","zipcode":"8112"}]},{"city":"Tagum City","zipcodes":[{"area":"Tagum City","zipcode":"8100"}]}]}
{"province":"Davao del Sur","cities":[{"city":"Bansalan","zipcodes":[{"area":"Bansalan","zipcode":"8005"}]},{"city":"Davao City","zipcodes":[{"area":"Davao City","zipcode":"8000"}]},{"city":"Digos City","zipcodes":[{"area":"Digos City","zipcode":"8002"}]},{"city":"Hagonoy","zipcodes":[{"area":"Hagonoy","zipcode":"8006"}]},{"city":"Kiblawan","zipcodes":[{"area":"Kiblawan","zipcode":"8008"}]},{"city":"Magsaysay","zipcodes":[{"area":"Magsaysay","zipcode":"8004"}]},{"city":"Malalag","zipcodes":[{"area":"Malalag","zipcode":"8010"}]},{"city":"Matanao","zipcodes":[{"area":"Matanao","zipcode":"8003"}]},{"city":"Padada","zipcodes":[{"area":"Padada","zipcode":"8007"}]},{"city":"Santa Cruz","zipcodes":[{"area":"Santa Cruz","zipcode":"8001"}]},{"city":"Sulop","zipcodes":[{"area":"Sulop","zipcode":"8009"}]}]}
{"province":"Davao Occidental","cities":[{"city":"Don Marcelino","zipcodes":[{"area":"Don Marcelino","zipcode":"8013"}]},{"city":"Jose Abad Santos","zipcodes":[{"area":"Jose Abad Santos","zipcode":"8014"}]},{"city":"Malita","zipcodes":[{"area":"Malita","zipcode":"8012"}]},{"city":"Santa Maria","zipcodes":[{"area":"Santa Maria","zipcode":"8011"}]},{"city":"Sarangani","zipcodes":[{"area":"Sarangani","zipcode":"8015"}]}]}
{"province":"Davao Oriental","cities":[{"city":"Mati","zipcodes":[{"area":"Mati","zipcode":"8200"}]},{"city":"Tarragona","zipcodes":[{"area":"Tarragona","zipcode":"8201"}]},{"city":"Manay","zipcodes":[{"area":"Manay","zipcode":"8202"}]},{"city":"Caraga","zipcodes":[{"area":"Caraga","zipcode":"8203"}]},{"city":"Baganga","zipcodes":[{"area":"Baganga","zipcode":"8204"}]},{"city":"Cateel","zipcodes":[{"area":"Cateel","zipcode":"8205"}]},{"city":"Boston","zipcodes":[{"area":"Boston","zipcode":"8206"}]},{"city":"Lupon","zipcodes":[{"area":"Lupon","zipcode":"8207"}]},{"city":"Banaybanay","zipcodes":[{"area":"Banaybanay","zipcode":"8208"}]},{"city":"San Isidro","zipcodes":[{"area":"San Isidro","zipcode":"8209"}]},{"city":"Governor Generoso","zipcodes":[{"area":"Governor Generoso","zipcode":"8210"}]}]}
{"province":"Laguna","cities":[{"city":"Alaminos","zipcodes":[{"area":"Alaminos","zipcode":"4001"}]},{"city":"Bay","zipcodes":[{"area":"Bay","zipcode":"4033"}]},{"city":"Biñan City","zipcodes":[{"area":"Biñan City","zipcode":"4024"}]},{"city":"Botocan, Magdalena","zipcodes":[{"area":"Botocan, Magdalena","zipcode":"4006"}]},{"city":"Cabuyao City","zipcodes":[{"area":"Cabuyao City","zipcode":"4025"}]},{"city":"Calamba City","zipcodes":[{"area":"Calamba City","zipcode":"4027"}]},{"city":"Calauan","zipcodes":[{"area":"Calauan","zipcode":"4012"}]},{"city":"Camp Vicente Lim, Calamba City","zipcodes":[{"area":"Camp Vicente Lim, Calamba City","zipcode":"4029"}]},{"city":"Canlubang, Calamba City","zipcodes":[{"area":"Canlubang, Calamba City","zipcode":"4028"}]},{"city":"Cavinti","zipcodes":[{"area":"Cavinti","zipcode":"4013"}]},{"city":"Famy","zipcodes":[{"area":"Famy","zipcode":"4021"}]},{"city":"Kalayaan","zipcodes":[{"area":"Kalayaan","zipcode":"4015"}]},{"city":"Liliw","zipcodes":[{"area":"Liliw","zipcode":"4004"}]},{"city":"Los Baños","zipcodes":[{"area":"Los Baños","zipcode":"4030"}]},{"city":"Luisiana","zipcodes":[{"area":"Luisiana","zipcode":"4032"}]},{"city":"Lumban","zipcodes":[{"area":"Lumban","zipcode":"4014"}]},{"city":"Mabitac","zipcodes":[{"area":"Mabitac","zipcode":"4020"}]},{"city":"Magdalena","zipcodes":[{"area":"Magdalena","zipcode":"4007"}]},{"city":"Majayjay","zipcodes":[{"area":"Majayjay","zipcode":"4005"}]},{"city":"Nagcarlan","zipcodes":[{"area":"Nagcarlan","zipcode":"4002"}]},{"city":"Paete","zipcodes":[{"area":"Paete","zipcode":"4016"}]},{"city":"Pagsanjan","zipcodes":[{"area":"Pagsanjan","zipcode":"4008"}]},{"city":"Pakil","zipcodes":[{"area":"Pakil","zipcode":"4017"}]},{"city":"Pangil","zipcodes":[{"area":"Pangil","zipcode":"4018"}]},{"city":"Pila","zipcodes":[{"area":"Pila","zipcode":"4010"}]},{"city":"Rizal","zipcodes":[{"area":"Rizal","zipcode":"4003"}]},{"city":"San Pablo City","zipcodes":[{"area":"San Pablo City","zipcode":"4000"}]},{"city":"San Pedro City","zipcodes":[{"area":"San Pedro City","zipcode":"4023"}]},{"city":"Santa Cruz","zipcodes":[{"area":"Santa Cruz","zipcode":"4009"}]},{"city":"Santa Maria","zipcodes":[{"area":"Santa Maria","zipcode":"4022"}]},{"city":"Santa Rosa City","zipcodes":[{"area":"Santa Rosa City","zipcode":"4026"}]},{"city":"Siniloan","zipcodes":[{"area":"Siniloan","zipcode":"4019"}]},{"city":"University of the Philippines, Los Baños","zipcodes":[{"area":"University of the Philippines, Los Baños","zipcode":"4031"}]},{"city":"Victoria","zipcodes":[{"area":"Victoria","zipcode":"4011"}]}]}
{"province":"Aklan","cities":[{"city":"Kalibo","zipcodes":[{"area":"Kalibo","zipcode":"5600"}]},{"city":"Banga","zipcodes":[{"area":"Banga","zipcode":"5601"}]},{"city":"Libacao","zipcodes":[{"area":"Libacao","zipcode":"5602"}]},{"city":"Madalag","zipcodes":[{"area":"Madalag","zipcode":"5603"}]},{"city":"Numancia","zipcodes":[{"area":"Numancia","zipcode":"5604"}]},{"city":"Lezo","zipcodes":[{"area":"Lezo","zipcode":"5605"}]},{"city":"Malinao","zipcodes":[{"area":"Malinao","zipcode":"5606"}]},{"city":"Nabas","zipcodes":[{"area":"Nabas","zipcode":"5607"}]},{"city":"Malay","zipcodes":[{"area":"Malay","zipcode":"5608"}]},{"city":"Buruanga","zipcodes":[{"area":"Buruanga","zipcode":"5609"}]},{"city":"New Washington","zipcodes":[{"area":"New Washington","zipcode":"5610"}]},{"city":"Makato","zipcodes":[{"area":"Makato","zipcode":"5611"}]},{"city":"Tangalan","zipcodes":[{"area":"Tangalan","zipcode":"5612"}]},{"city":"Ibajay","zipcodes":[{"area":"Ibajay","zipcode":"5613"}]},{"city":"Altavas","zipcodes":[{"area":"Altavas","zipcode":"5616"}]},{"city":"Balete","zipcodes":[{"area":"Balete","zipcode":"5614"}]},{"city":"Batan","zipcodes":[{"area":"Batan","zipcode":"5615"}]}]}
{"province":"Lanao del Norte","cities":[{"city":"Bacolod","zipcodes":[{"area":"Bacolod","zipcode":"9205"}]},{"city":"Baloi","zipcodes":[{"area":"Baloi","zipcode":"9217"}]},{"city":"Baroy","zipcodes":[{"area":"Baroy","zipcode":"9210"}]},{"city":"Iligan City","zipcodes":[{"area":"Iligan City","zipcode":"9200"}]},{"city":"Kapatagan","zipcodes":[{"area":"Kapatagan","zipcode":"9214"}]},{"city":"Sultan Naga Dimaporo (Karomatan)","zipcodes":[{"area":"Sultan Naga Dimaporo (Karomatan)","zipcode":"9215"}]},{"city":"Kauswagan","zipcodes":[{"area":"Kauswagan","zipcode":"9202"}]},{"city":"Kolambugan","zipcodes":[{"area":"Kolambugan","zipcode":"9207"}]},{"city":"Lala","zipcodes":[{"area":"Lala","zipcode":"9211"}]},{"city":"Linamon","zipcodes":[{"area":"Linamon","zipcode":"9201"}]},{"city":"Magsaysay","zipcodes":[{"area":"Magsaysay","zipcode":"9221"}]},{"city":"Maigo","zipcodes":[{"area":"Maigo","zipcode":"9206"}]},{"city":"Matungao","zipcodes":[{"area":"Matungao","zipcode":"9203"}]},{"city":"Munai","zipcodes":[{"area":"Munai","zipcode":"9219"}]},{"city":"Nunungan","zipcodes":[{"area":"Nunungan","zipcode":"9216"}]},{"city":"Pantao Ragat","zipcodes":[{"area":"Pantao Ragat","zipcode":"9208"}]},{"city":"Pantar","zipcodes":[{"area":"Pantar","zipcode":"9218"}]},{"city":"Poona Piagapo","zipcodes":[{"area":"Poona Piagapo","zipcode":"9204"}]},{"city":"Salvador","zipcodes":[{"area":"Salvador","zipcode":"9212"}]},{"city":"Sapad","zipcodes":[{"area":"Sapad","zipcode":"9213"}]},{"city":"Tagoloan","zipcodes":[{"area":"Tagoloan","zipcode":"9222"}]},{"city":"Tangcal","zipcodes":[{"area":"Tangcal","zipcode":"9220"}]},{"city":"Tubod","zipcodes":[{"area":"Tubod","zipcode":"9209"}]}]}
{"province":"Benguet","cities":[{"city":"Atok","zipcodes":[{"area":"Atok","zipcode":"2612"}]},{"city":"Baguio City","zipcodes":[{"area":"Baguio City","zipcode":"2600"}]},{"city":"Bakun","zipcodes":[{"area":"Bakun","zipcode":"2610"}]},{"city":"Bokod","zipcodes":[{"area":"Bokod","zipcode":"2605"}]},{"city":"Buguias","zipcodes":[{"area":"Buguias","zipcode":"2607"}]},{"city":"Itogon","zipcodes":[{"area":"Itogon","zipcode":"2604"}]},{"city":"Kabayan","zipcodes":[{"area":"Kabayan","zipcode":"2606"}]},{"city":"Kapangan","zipcodes":[{"area":"Kapangan","zipcode":"2613"}]},{"city":"Kibungan","zipcodes":[{"area":"Kibungan","zipcode":"2611"}]},{"city":"La Trinidad","zipcodes":[{"area":"La Trinidad","zipcode":"2601"}]},{"city":"Lepanto","zipcodes":[{"area":"Lepanto","zipcode":"2609"}]},{"city":"Mankayan","zipcodes":[{"area":"Mankayan","zipcode":"2608"}]},{"city":"Philippine Military Academy (Baguio City)","zipcodes":[{"area":"Philippine Military Academy (Baguio City)","zipcode":"2602"}]},{"city":"Sablan","zipcodes":[{"area":"Sablan","zipcode":"2614"}]},{"city":"Tuba","zipcodes":[{"area":"Tuba","zipcode":"2603"}]},{"city":"Tublay","zipcodes":[{"area":"Tublay","zipcode":"2615"}]}]}
{"province":"Bataan","cities":[{"city":"Abucay","zipcodes":[{"area":"Abucay","zipcode":"2114"}]},{"city":"Bagac","zipcodes":[{"area":"Bagac","zipcode":"2107"}]},{"city":"Balanga City","zipcodes":[{"area":"Balanga City","zipcode":"2100"}]},{"city":"Bataan Export Processing Zone (Mariveles)","zipcodes":[{"area":"Bataan Export Processing Zone (Mariveles)","zipcode":"2106"}]},{"city":"Dinalupihan","zipcodes":[{"area":"Dinalupihan","zipcode":"2110"}]},{"city":"Hermosa","zipcodes":[{"area":"Hermosa","zipcode":"2111"}]},{"city":"Lamao","zipcodes":[{"area":"Lamao","zipcode":"2104"}]},{"city":"Limay","zipcodes":[{"area":"Limay","zipcode":"2103"}]},{"city":"Mariveles","zipcodes":[{"area":"Mariveles","zipcode":"2105"}]},{"city":"Morong","zipcodes":[{"area":"Morong","zipcode":"2108"}]},{"city":"Orani","zipcodes":[{"area":"Orani","zipcode":"2112"}]},{"city":"Orion","zipcodes":[{"area":"Orion","zipcode":"2102"}]},{"city":"Pilar","zipcodes":[{"area":"Pilar","zipcode":"2101"}]},{"city":"Refugee Processing Center (Morong)","zipcodes":[{"area":"Refugee Processing Center (Morong)","zipcode":"2109"}]},{"city":"Samal","zipcodes":[{"area":"Samal","zipcode":"2113"}]}]}
{"province":"Metro Manila - Taguig","cities":[{"city":" Bagumbayan; Pinagsama","zipcodes":[{"area":" Bagumbayan; Pinagsama","zipcode":"1630"}]},{"city":"Bay Breeze Executive Village","zipcodes":[{"area":"Bay Breeze Executive Village","zipcode":"1631"}]},{"city":"Lower Bicutan - Ususan","zipcodes":[{"area":"Lower Bicutan - Ususan","zipcode":"1632"}]},{"city":"Upper Bicutan","zipcodes":[{"area":"Upper Bicutan","zipcode":"1633"}]},{"city":"Western Bicutan (including Food Terminal, Inc. complex)","zipcodes":[{"area":"Western Bicutan (including Food Terminal, Inc. complex)","zipcode":"1630"}]},{"city":"Ligid","zipcodes":[{"area":"Ligid","zipcode":"1638"}]},{"city":"Nichols - McKinley (Fort Bonifacio)","zipcodes":[{"area":"Nichols - McKinley (Fort Bonifacio)","zipcode":"1634"}]},{"city":"Tuktukan","zipcodes":[{"area":"Tuktukan","zipcode":"1638"}]},{"city":"Ibayo","zipcodes":[{"area":"Ibayo","zipcode":"1637"}]}]}
{"province":"Metro Manila - Quezon City","cities":[{"city":" Alicia","zipcodes":[{"area":" Alicia","zipcode":"1105"}]},{"city":"Amihan","zipcodes":[{"area":"Amihan","zipcode":"1102"}]},{"city":"Apolonio Samson","zipcodes":[{"area":"Apolonio Samson","zipcode":"1106"}]},{"city":"Araneta Center","zipcodes":[{"area":"Araneta Center","zipcode":"0810"}]},{"city":"Araneta Center P.O. Boxes","zipcodes":[{"area":"Araneta Center P.O. Boxes","zipcode":"1135"}]},{"city":"Baesa","zipcodes":[{"area":"Baesa","zipcode":"1106"}]},{"city":"Bagbag","zipcodes":[{"area":"Bagbag","zipcode":"1116"}]},{"city":"Bagong Bayan","zipcodes":[{"area":"Bagong Bayan","zipcode":"1110"}]},{"city":"Bagumbuhay","zipcodes":[{"area":"Bagumbuhay","zipcode":"1109"}]},{"city":"Bagong Lipunan","zipcodes":[{"area":"Bagong Lipunan","zipcode":"1111"}]},{"city":"Bagong Pag-Asa","zipcodes":[{"area":"Bagong Pag-Asa","zipcode":"1105"}]},{"city":"Bagong Silangan","zipcodes":[{"area":"Bagong Silangan","zipcode":"1119"}]},{"city":"Bahay Toro","zipcodes":[{"area":"Bahay Toro","zipcode":"1106"}]},{"city":"Balingasa","zipcodes":[{"area":"Balingasa","zipcode":"1115"}]},{"city":"Balintawak","zipcodes":[{"area":"Balintawak","zipcode":"1106"}]},{"city":"Balumbato","zipcodes":[{"area":"Balumbato","zipcode":"1106"}]},{"city":"Batasan Hills","zipcodes":[{"area":"Batasan Hills","zipcode":"1126"}]},{"city":"Bayanihan","zipcodes":[{"area":"Bayanihan","zipcode":"1109"}]},{"city":"BF Homes","zipcodes":[{"area":"BF Homes","zipcode":"1120"}]},{"city":"Blue Ridge","zipcodes":[{"area":"Blue Ridge","zipcode":"1109"}]},{"city":"Botocan","zipcodes":[{"area":"Botocan","zipcode":"1101"}]},{"city":"Broadway Center P.O. Boxes","zipcodes":[{"area":"Broadway Center P.O. Boxes","zipcode":"1141"}]},{"city":"Bungad","zipcodes":[{"area":"Bungad","zipcode":"1105"}]},{"city":"Bureau of Internal Revenue","zipcodes":[{"area":"Bureau of Internal Revenue","zipcode":"0820"}]},{"city":"Camp Aguinaldo","zipcodes":[{"area":"Camp Aguinaldo","zipcode":"1110"}]},{"city":"Camp Aguinaldo","zipcodes":[{"area":"Camp Aguinaldo","zipcode":"0802"}]},{"city":"Camp Crame","zipcodes":[{"area":"Camp Crame","zipcode":"0801"}]},{"city":"Capitol Hills/Park","zipcodes":[{"area":"Capitol Hills/Park","zipcode":"1126"}]},{"city":"Capri","zipcodes":[{"area":"Capri","zipcode":"1117"}]},{"city":"Central","zipcodes":[{"area":"Central","zipcode":"1100"}]},{"city":"Claro","zipcodes":[{"area":"Claro","zipcode":"1102"}]},{"city":"Commission on Audit","zipcodes":[{"area":"Commission on Audit","zipcode":"0880"}]},{"city":"`Commonwealth`","zipcodes":[{"area":"Commonwealth","zipcode":"1121"}]},{"city":"Crame","zipcodes":[{"area":"Crame","zipcode":"1111"}]},{"city":"Cubao","zipcodes":[{"area":"Cubao","zipcode":"1109"}]},{"city":"Culiat","zipcodes":[{"area":"Culiat","zipcode":"1128"}]},{"city":"Damar","zipcodes":[{"area":"Damar","zipcode":"1115"}]},{"city":"Damayan","zipcodes":[{"area":"Damayan","zipcode":"1104"}]},{"city":"Damayan Lagi","zipcodes":[{"area":"Damayan Lagi","zipcode":"1112"}]},{"city":"Damong Maliit","zipcodes":[{"area":"Damong Maliit","zipcode":"1123"}]},{"city":"Del Monte","zipcodes":[{"area":"Del Monte","zipcode":"1105"}]},{"city":"Diliman","zipcodes":[{"area":"Diliman","zipcode":"1104"}]},{"city":"Dioquino Zobel","zipcodes":[{"area":"Dioquino Zobel","zipcode":"1109"}]},{"city":"Don Manuel","zipcodes":[{"area":"Don Manuel","zipcode":"1113"}]},{"city":"Doña Aurora","zipcodes":[{"area":"Doña Aurora","zipcode":"1113"}]},{"city":"Doña Faustina Subdivision","zipcodes":[{"area":"Doña Faustina Subdivision","zipcode":"1125"}]},{"city":"Doña Imelda","zipcodes":[{"area":"Doña Imelda","zipcode":"1113"}]},{"city":"Doña Josefa","zipcodes":[{"area":"Doña Josefa","zipcode":"1113"}]},{"city":"Duyan-Duyan","zipcodes":[{"area":"Duyan-Duyan","zipcode":"1102"}]},{"city":"E. Rodriguez","zipcodes":[{"area":"E. Rodriguez","zipcode":"1102"}]},{"city":"Escopa","zipcodes":[{"area":"Escopa","zipcode":"1109"}]},{"city":"Fairview","zipcodes":[{"area":"Fairview","zipcode":"1118"}]},{"city":"Fairview [North]","zipcodes":[{"area":"Fairview [North]","zipcode":"1121"}]},{"city":"Fairview [South]","zipcodes":[{"area":"Fairview [South]","zipcode":"1122"}]},{"city":"Gintong Silahis","zipcodes":[{"area":"Gintong Silahis","zipcode":"1114"}]},{"city":"Gulod","zipcodes":[{"area":"Gulod","zipcode":"1117"}]},{"city":"Holy Spirit","zipcodes":[{"area":"Holy Spirit","zipcode":"1127"}]},{"city":"Horseshoe","zipcodes":[{"area":"Horseshoe","zipcode":"1112"}]},{"city":"Immaculate Concepcion","zipcodes":[{"area":"Immaculate Concepcion","zipcode":"1111"}]},{"city":"Kaligayahan","zipcodes":[{"area":"Kaligayahan","zipcode":"1124"}]},{"city":"Kalusugan","zipcodes":[{"area":"Kalusugan","zipcode":"1112"}]},{"city":"Kamias","zipcodes":[{"area":"Kamias","zipcode":"1102"}]},{"city":"Kamuning","zipcodes":[{"area":"Kamuning","zipcode":"1103"}]},{"city":"Katipunan","zipcodes":[{"area":"Katipunan","zipcode":"1105"}]},{"city":"Kaunlaran","zipcodes":[{"area":"Kaunlaran","zipcode":"1111"}]},{"city":"Kristong Hari","zipcodes":[{"area":"Kristong Hari","zipcode":"1112"}]},{"city":"Krus na Ligas","zipcodes":[{"area":"Krus na Ligas","zipcode":"1101"}]},{"city":"La Loma","zipcodes":[{"area":"La Loma","zipcode":"1114"}]},{"city":"Laging Handa","zipcodes":[{"area":"Laging Handa","zipcode":"1103"}]},{"city":"Libis","zipcodes":[{"area":"Libis","zipcode":"1110"}]},{"city":"Lourdes","zipcodes":[{"area":"Lourdes"," zipcode":"1114"}]},{"city":"Loyola Heights","zipcodes":[{"area":"Loyola Heights","zipcode":"1108"}]},{"city":"Maharlika","zipcodes":[{"area":"Maharlika","zipcode":"1114"}]},{"city":"Malaya","zipcodes":[{"area":"Malaya","zipcode":"1101"}]},{"city":"Mangga","zipcodes":[{"area":"Mangga","zipcode":"1109"}]},{"city":"Manresa","zipcodes":[{"area":"Manresa","zipcode":"1115"}]},{"city":"Mariana","zipcodes":[{"area":"Mariana","zipcode":"1112"}]},{"city":"Mariblo","zipcodes":[{"area":"Mariblo","zipcode":"1104"}]},{"city":"Marilag","zipcodes":[{"area":"Marilag","zipcode":"1109"}]},{"city":"Masagana","zipcodes":[{"area":"Masagana","zipcode":"1109"}]},{"city":"Masambong","zipcodes":[{"area":"Masambong","zipcode":"1115"}]},{"city":"Matalahib","zipcodes":[{"area":"Matalahib","zipcode":"1114"}]},{"city":"Matandang Balara","zipcodes":[{"area":"Matandang Balara","zipcode":"1119"}]},{"city":"Milagrosa","zipcodes":[{"area":"Milagrosa","zipcode":"1109"}]},{"city":"Murphy District P.O. Boxes","zipcodes":[{"area":"Murphy District P.O. Boxes","zipcode":"1138"}]},{"city":"Nagkaisang Nayon","zipcodes":[{"area":"Nagkaisang Nayon","zipcode":"1125"}]},{"city":"National Irrigation Administration","zipcodes":[{"area":"National Irrigation Administration","zipcode":"0830"}]},{"city":"Nayon Kaunlaran","zipcodes":[{"area":"Nayon Kaunlaran","zipcode":"1104"}]},{"city":"New Era","zipcodes":[{"area":"New Era","zipcode":"1107"}]},{"city":"Novaliches P.O. Boxes","zipcodes":[{"area":"Novaliches P.O. Boxes","zipcode":"1147"}]},{"city":"Novaliches Proper","zipcodes":[{"area":"Novaliches Proper","zipcode":"1123"}]},{"city":"Obrero","zipcodes":[{"area":"Obrero","zipcode":"1103"}]},{"city":"Old Capitol Site","zipcodes":[{"area":"Old Capitol Site","zipcode":"1101"}]},{"city":"Paang Bundok","zipcodes":[{"area":"Paang Bundok","zipcode":"1114"}]},{"city":"Pag-Ibig sa Nayon","zipcodes":[{"area":"Pag-Ibig sa Nayon","zipcode":"1115"}]},{"city":"Paligsahan","zipcodes":[{"area":"Paligsahan","zipcode":"1103"}]},{"city":"Paltok","zipcodes":[{"area":"Paltok","zipcode":"1105"}]},{"city":"Pansol","zipcodes":[{"area":"Pansol","zipcode":"1108"}]},{"city":"Paraiso","zipcodes":[{"area":"Paraiso","zipcode":"1104"}]},{"city":"Pasong Putik","zipcodes":[{"area":"Pasong Putik","zipcode":"1118"}]},{"city":"Pasong Tamo","zipcodes":[{"area":"Pasong Tamo","zipcode":"1107"}]},{"city":"Payatas","zipcodes":[{"area":"Payatas","zipcode":"1119"}]},{"city":"Phil-Am","zipcodes":[{"area":"Phil-Am","zipcode":"1104"}]},{"city":"Philippine Heart Center","zipcodes":[{"area":"Philippine Heart Center","zipcode":"0850"}]},{"city":"Pinagkaisahan","zipcodes":[{"area":"Pinagkaisahan","zipcode":"1111"}]},{"city":"Piñahan","zipcodes":[{"area":"Piñahan","zipcode":"1100"}]},{"city":"Project 4","zipcodes":[{"area":"Project 4","zipcode":"1109"}]},{"city":"Project 6","zipcodes":[{"area":"Project 6","zipcode":"1100"}]},{"city":"Project 7","zipcodes":[{"area":"Project 7","zipcode":"1105"}]},{"city":"Project 8","zipcodes":[{"area":"Project 8","zipcode":"1106"}]},{"city":"Quezon City CPO","zipcodes":[{"area":"Quezon City CPO","zipcode":"1100"}]},{"city":"Quezon City Hall","zipcodes":[{"area":"Quezon City Hall","zipcode":"0860"}]},{"city":"Quirino District (Project 2 & 3)","zipcodes":[{"area":"Quirino District (Project 2 & 3)","zipcode":"1100"}]},{"city":"Project 6","zipcodes":[{"area":"Project 6","zipcode":"1102"}]},{"city":"R. Magsaysay","zipcodes":[{"area":"R. Magsaysay","zipcode":"1105"}]},{"city":"Roxas District","zipcodes":[{"area":"Roxas District","zipcode":"1103"}]},{"city":"Sacred Heart","zipcodes":[{"area":"Sacred Heart","zipcode":"1103"}]},{"city":"Salvacion","zipcodes":[{"area":"Salvacion","zipcode":"1114"}]},{"city":"San Agustin","zipcodes":[{"area":"San Agustin","zipcode":"1117"}]},{"city":"San Antonio, Quezon City","zipcodes":[{"area":"San Antonio, Quezon City","zipcode":"1105"}]},{"city":"San Bartolome","zipcodes":[{"area":"San Bartolome","zipcode":"1116"}]},{"city":"San Isidro","zipcodes":[{"area":"San Isidro","zipcode":"1113"}]},{"city":"San Isidro Labrador","zipcodes":[{"area":"San Isidro Labrador","zipcode":"1114"}]},{"city":"San Jose","zipcodes":[{"area":"San Jose","zipcode":"1115"}]},{"city":"San Roque","zipcodes":[{"area":"San Roque","zipcode":"1109"}]},{"city":"San Vicente","zipcodes":[{"area":"San Vicente","zipcode":"1101"}]},{"city":"Sangandaan (GSIS Village)","zipcodes":[{"area":"Sangandaan (GSIS Village)","zipcode":"1116"}]},{"city":"Santa Cruz","zipcodes":[{"area":"Santa Cruz","zipcode":"1104"}]},{"city":"Santa Lucia","zipcodes":[{"area":"Santa Lucia","zipcode":"1117"}]},{"city":"Santa Teresita","zipcodes":[{"area":"Santa Teresita","zipcode":"1114"}]},{"city":"Santo Cristo","zipcodes":[{"area":"Santo Cristo","zipcode":"1105"}]},{"city":"Santo Niño","zipcodes":[{"area":"Santo Niño","zipcode":"1113"}]},{"city":"Santol","zipcodes":[{"area":"Santol","zipcode":"1113"}]},{"city":"Sauyo","zipcodes":[{"area":"Sauyo","zipcode":"1116"}]},{"city":"Sienna","zipcodes":[{"area":"Sienna","zipcode":"1114"}]},{"city":"Sikatuna Village","zipcodes":[{"area":"Sikatuna Village","zipcode":"1101"}]},{"city":"Silangan","zipcodes":[{"area":"Silangan","zipcode":"1102"}]},{"city":"Social Security System","zipcodes":[{"area":"Social Security System","zipcode":"0800"}]},{"city":"Socorro","zipcodes":[{"area":"Socorro","zipcode":"1109"}]},{"city":"South Triangle","zipcodes":[{"area":"South Triangle","zipcode":"1103"}]},{"city":"St. Ignatius","zipcodes":[{"area":"St. Ignatius","zipcode":"1110"}]},{"city":"St. Martin de Porres","zipcodes":[{"area":"St. Martin de Porres","zipcode":"1111"}]},{"city":"St. Peter","zipcodes":[{"area":"St. Peter","zipcode":"1114"}]},{"city":"Tagumpay","zipcodes":[{"area":"Tagumpay","zipcode":"1109"}]},{"city":"Talampas","zipcodes":[{"area":"Talampas","zipcode":"1110"}]},{"city":"Talayan","zipcodes":[{"area":"Talayan","zipcode":"1104"}]},{"city":"Talipapa","zipcodes":[{"area":"Talipapa","zipcode":"1116"}]},{"city":"Tandang Sora","zipcodes":[{"area":"Tandang Sora","zipcode":"1116"}]},{"city":"Tatalon","zipcodes":[{"area":"Tatalon","zipcode":"1113"}]},{"city":"Teachers Village","zipcodes":[{"area":"Teachers Village","zipcode":"1101"}]},{"city":"Ugong Norte","zipcodes":[{"area":"Ugong Norte","zipcode":"1110"}]},{"city":"Unang Sigaw","zipcodes":[{"area":"Unang Sigaw","zipcode":"1109"}]},{"city":"University of the Philippines Post Office","zipcodes":[{"area":"University of the Philippines Post Office","zipcode":"1101"}]},{"city":"University of the Philippines Village","zipcodes":[{"area":"University of the Philippines Village","zipcode":"1101"}]},{"city":"Valencia","zipcodes":[{"area":"Valencia","zipcode":"1112"}]},{"city":"V. Luna Hospital","zipcodes":[{"area":"V. Luna Hospital","zipcode":"0840"}]},{"city":"Vasra","zipcodes":[{"area":"Vasra","zipcode":"1128"}]},{"city":"Veterans Hospital","zipcodes":[{"area":"Veterans Hospital","zipcode":"1105"}]},{"city":"Villa Maria Clara","zipcodes":[{"area":"Villa Maria Clara","zipcode":"1120"}]},{"city":"West Triangle","zipcodes":[{"area":"West Triangle","zipcode":"1104"}]},{"city":"White Plains","zipcodes":[{"area":"White Plains","zipcode":"1110"}]}]}
